"Last Name","First Name","Username","Student ID","Last Access","Availability","Child Course ID","HW1 [Total Pts: 70 Score] |2073560","class quiz 9/2/26 [Total Pts: 3 Score] |2074340","Class Quiz 02 [Total Pts: 10 Complete/Incomplete] |2074832","PA1 [Total Pts: 100 Score] |2077161","Class Quiz 03 [Total Pts: 1 Score] |2078749","HW2 [Total Pts: 35 Score] |2079785"
"Abebe","Teras","t139","AR95213","2026-09-25 19:28:01","Yes","CMSC471_1445_FA2026","65.00","Needs Grading","","Needs Grading","",""
"Adejayan","Paul","padejay1","KR14174","2026-09-20 22:22:44","Yes","CMSC471_7591_FA2026","70.00","","","","",""
"Amon-Kotey","Daniel","damonko1","JA39533","2026-09-25 17:33:59","Yes","CMSC471_1445_FA2026","69.00","","","Needs Grading","",""
"Ansari","Hassan","hassana1","FF82216","2026-09-25 13:36:20","Yes","CMSC471_1445_FA2026","60.00","","","Needs Grading","",""
"Augusti","Daniel","uz10131","UZ10131","2026-09-23 20:05:00","Yes","CMSC471_1188_FA2026","56.00","Needs Grading","","Needs Grading","",""
"Aw","Thierno","t137","WK06130","2026-09-25 23:43:34","Yes","CMSC471_7591_FA2026","70.00","Needs Grading","","Needs Grading","",""
"Baghai-Vaji","Shahin","shahinb1","MP07938","2026-09-23 21:01:13","Yes","CMSC471_1445_FA2026","68.00","","","Needs Grading","",""
"Bankert","Nathan","nbanker1","WS56810","2026-09-24 21:41:58","Yes","CMSC471_1188_FA2026","61.00","","","Needs Grading","",""
"Barry","Zachary","zbarry2","GS94536","2026-09-25 23:20:34","Yes","CMSC471_1445_FA2026","70.00","Needs Grading","","Needs Grading","",""
"Bell","Sam","sbell7","ZA57536","2026-09-25 12:33:20","Yes","CMSC471_1188_FA2026","68.00","Needs Grading","","Needs Grading","",""
"Brahmbhatt","Saumya","saumyab1","LB05330","2026-09-25 17:09:59","Yes","CMSC471_7591_FA2026","66.00","Needs Grading","","Needs Grading","",""
"Bryant","Maria","mariab5","SQ50091","2026-09-25 14:29:21","Yes","CMSC471_1445_FA2026","62.00","Needs Grading","","Needs Grading","",""
"Casasola-Amaya","Alexy","alexyc1","IK03012","2026-09-25 23:03:01","Yes","CMSC471_1445_FA2026","70.00","Needs Grading","","Needs Grading","",""
"Cassarino","Joseph","jcassar1","CL71852","2026-09-24 16:17:35","Yes","CMSC471_1445_FA2026","62.00","Needs Grading","","Needs Grading","",""
"Chen","Sophie","schen9","GA18816","2026-09-04 14:31:38","Yes","CMSC471_7591_FA2026","","","","","",""
"Chowdhury","Shakib","shakibc1","AX28414","2026-09-23 20:36:13","Yes","CMSC471_1445_FA2026","66.00","Needs Grading","","Needs Grading","",""
"Chu","Eric","ericc4","OL01652","2026-09-25 21:44:21","Yes","CMSC471_7591_FA2026","70.00","Needs Grading","","","",""
"Cisco","Michael","mcisco1","CM74376","2026-09-23 14:37:00","Yes","CMSC471_1445_FA2026","70.00","Needs Grading","","Needs Grading","",""
"Conley","Stafford","sconley1","LP60096","2026-09-23 20:14:39","Yes","CMSC471_1445_FA2026","63.00","Needs Grading","","","",""
"Dang","Charles","c264","WB17932","2026-09-24 16:04:35","Yes","CMSC471_7591_FA2026","66.00","Needs Grading","","Needs Grading","",""
"Dawit","Mathew","mdawit1","SW49737","2026-09-23 23:53:38","Yes","CMSC471_1188_FA2026","63.00","Needs Grading","","","",""
"Dela Cruz","Jeffrey","d241","CB14857","2026-09-25 19:35:34","Yes","CMSC471_1445_FA2026","70.00","Needs Grading","","Needs Grading","",""
"Dubois","William","wdubois1","GJ17418","2026-09-23 23:18:13","Yes","CMSC471_7591_FA2026","69.00","Needs Grading","","Needs Grading","",""
"Dunphy","Scott","sdunphy1","UK67010","2026-09-24 00:31:38","Yes","CMSC471_1445_FA2026","70.00","Needs Grading","","Needs Grading","",""
"Etobayev","Valery","etobval1","WB75659","2026-09-23 20:51:00","Yes","CMSC471_1445_FA2026","70.00","Needs Grading","","Needs Grading","",""
"Gardner","Kyle","kgardne2","OQ32177","2026-09-26 10:11:32","Yes","CMSC471_7591_FA2026","30.00","Needs Grading","","","",""
"Gepilano","Jay","jgepila1","EA57217","2026-09-23 14:53:03","Yes","CMSC471_7591_FA2026","70.00","Needs Grading","","Needs Grading","",""
"Ghosh","Ayushman","bu40696","BU40696","2026-09-24 17:39:02","Yes","CMSC471_1445_FA2026","70.00","Needs Grading","","Needs Grading","",""
"Godard","Tristan","tgodard1","JG44214","2026-09-25 09:52:17","Yes","CMSC471_1445_FA2026","63.00","Needs Grading","","Needs Grading","",""
"Graham","Toni","tgraham2","PR67576","2026-09-25 19:43:01","Yes","CMSC471_1445_FA2026","67.00","Needs Grading","","Needs Grading","","Needs Grading"
"Greene","Michael","mgreene3","HW81936","2026-09-23 16:04:12","Yes","CMSC471_1445_FA2026","58.00","Needs Grading","","Needs Grading","",""
"Harding","Avery","ahardin1","FK83976","2026-09-26 09:58:01","Yes","CMSC471_1445_FA2026","59.00","Needs Grading","","Needs Grading","",""
"Herath","Anika","anikah2","ZW78213","2026-09-25 00:06:59","Yes","CMSC471_1188_FA2026","67.00","Needs Grading","","Needs Grading","",""
"Hernandez","Raymond","rhernan1","QC84973","2026-09-23 19:27:03","Yes","CMSC471_1445_FA2026","63.00","Needs Grading","","Needs Grading","",""
"Ho","Anthony","a427","KL89335","2026-09-25 01:29:55","Yes","CMSC471_1445_FA2026","64.00","Needs Grading","","Needs Grading","",""
"Holt","Harrison","hholt1","VI39537","2026-09-24 22:54:55","Yes","CMSC471_7591_FA2026","59.00","Needs Grading","","","",""
"Hossain","Rishad","rishadh1","BL29333","2026-09-25 21:31:34","Yes","CMSC471_1445_FA2026","70.00","Needs Grading","","Needs Grading","",""
"Iqbal","Munahid","i40","XD22379","2026-09-23 22:05:01","Yes","CMSC471_1188_FA2026","70.00","Needs Grading","","Needs Grading","",""
"Janeja","Viraj","vjaneja1","BL68497","2026-09-25 17:17:59","Yes","CMSC471_1445_FA2026","64.00","Needs Grading","","Needs Grading","",""
"Kazemi","Shayan","aj36615","AJ36615","2026-09-23 18:10:05","Yes","CMSC471_7591_FA2026","70.00","Needs Grading","","Needs Grading","",""
"Khan","Muhammad","mkhan21","QA48894","2026-09-26 01:26:34","Yes","CMSC471_1445_FA2026","67.00","","","Needs Grading","",""
"Kindig","Chase","ckindig1","ZQ25370","2026-09-23 23:48:38","Yes","CMSC471_1445_FA2026","61.00","","","Needs Grading","",""
"Kudwa","Luke","lkudwa1","OM73659","2026-09-25 15:43:21","Yes","CMSC471_1188_FA2026","64.00","Needs Grading","","Needs Grading","",""
"Kwon","Jessica","jessick1","HV40054","2026-09-24 14:00:35","Yes","CMSC471_1445_FA2026","70.00","Needs Grading","","Needs Grading","",""
"Lam","Andrew","andrewl5","TX23657","2026-09-23 17:34:38","Yes","CMSC471_7591_FA2026","62.00","Needs Grading","","Needs Grading","",""
"Lamberth","Chad","chadl1","YG39452","2026-09-26 00:55:34","Yes","CMSC471_1445_FA2026","68.00","Needs Grading","","Needs Grading","",""
"Latchi","Sai","slatchi1","TY98898","2026-09-23 23:57:13","Yes","CMSC471_7591_FA2026","70.00","","","Needs Grading","",""
"Laubach","Austin","austinl3","IN33179","2026-09-24 20:46:03","Yes","CMSC471_1445_FA2026","70.00","Needs Grading","","Needs Grading","",""
"Lazzaro","Antonio","alazzar1","YK28617","2026-09-24 23:08:55","Yes","CMSC471_1445_FA2026","62.00","Needs Grading","","Needs Grading","",""
"Madhu Kiran","Akanksha","amadhuk1","JZ31010","2026-09-25 23:13:01","Yes","CMSC471_1445_FA2026","46.00","Needs Grading","","Needs Grading","",""
"Mahmud","Shah Iqbal","tn83619","TN83619","2026-09-24 12:00:57","Yes","CMSC471_1445_FA2026","63.00","","","Needs Grading","",""
"Mbaekwe","Ozi","oziomam1","SB51053","2026-09-25 22:30:21","Yes","CMSC471_7591_FA2026","64.00","Needs Grading","","Needs Grading","",""
"McFarling","Brandon","bmcfarl1","RP96652","2026-09-25 20:24:01","Yes","CMSC471_7591_FA2026","62.00","Needs Grading","","Needs Grading","",""
"McPhillips","Dylan","dmcphil1","BR21938","2026-09-24 22:57:58","Yes","CMSC471_1445_FA2026","65.00","Needs Grading","","Needs Grading","",""
"Mendoza","Javan","jmendoz3","KL07259","2026-09-24 14:46:47","Yes","CMSC471_1188_FA2026","61.00","Needs Grading","","Needs Grading","",""
"Mengel","Sam","iy69135","IY69135","2026-09-25 12:26:59","Yes","CMSC471_1188_FA2026","66.00","Needs Grading","","Needs Grading","",""
"Minassie","Naomie","naomiem1","NB96979","2026-09-25 18:05:01","Yes","CMSC471_7591_FA2026","64.00","Needs Grading","","","",""
"Mittapalli","Sai Deekshitha","smittap1","QK10577","2026-09-25 23:19:01","Yes","CMSC471_1445_FA2026","65.00","","","Needs Grading","",""
"Mohammad","Askari","askarim1","OB50654","2026-09-25 16:18:21","Yes","CMSC471_7591_FA2026","41.00","Needs Grading","","Needs Grading","",""
"Musarrat","Mustabshirah","ui59175","UI59175","2026-09-25 21:25:01","Yes","CMSC471_7591_FA2026","66.00","Needs Grading","","Needs Grading","",""
"Ndanji","Edmond Batchankwe","edmondb1","TR01493","2026-09-23 22:47:38","Yes","CMSC471_1445_FA2026","70.00","","","Needs Grading","",""
"Nelson","Pranathi","pnelson1","TX46733","2026-09-25 14:12:06","Yes","CMSC471_1445_FA2026","62.00","Needs Grading","","Needs Grading","",""
"Nguyen","Nick","nnguye12","CZ05173","2026-09-25 14:48:21","Yes","CMSC471_1188_FA2026","69.00","Needs Grading","","","",""
"Nwokedi","Divine","dnwoked1","KF62617","2026-09-26 01:12:34","Yes","CMSC471_1445_FA2026","60.00","Needs Grading","","Needs Grading","",""
"Nyandjo","Matt","mattn3","WK59892","2026-09-25 09:59:17","Yes","CMSC471_1445_FA2026","70.00","Needs Grading","","Needs Grading","",""
"Obeng Frimpong","Yaw","yobengf1","PU25293","2026-09-25 00:19:55","Yes","CMSC471_7591_FA2026","57.00","Needs Grading","","Needs Grading","",""
"Ober","Micah","mober1","BE65256","2026-09-25 14:09:59","Yes","CMSC471_7591_FA2026","70.00","Needs Grading","","Needs Grading","",""
"Obinyan","Ehizele","ehizelo1","BF16895","2026-09-24 15:17:47","Yes","CMSC471_1188_FA2026","70.00","Needs Grading","","Needs Grading","",""
"Ogunbiyi","Mobolaji","m387","DO90534","2026-09-23 21:54:38","Yes","CMSC471_1445_FA2026","65.00","","","Needs Grading","",""
"Orejimi","Paul","porejim1","EA86052","2026-09-25 11:57:00","Yes","CMSC471_7591_FA2026","70.00","Needs Grading","","Needs Grading","",""
"Orogo","Zcianty Eunice","zcianto1","QZ75494","2026-09-25 02:18:26","Yes","CMSC471_1445_FA2026","59.00","","","Needs Grading","",""
"Paudel","Jenish","jenishp1","LB76538","2026-09-23 11:05:36","Yes","CMSC471_7591_FA2026","47.00","Needs Grading","","","",""
"Petty","Jonah","jpetty2","WQ51217","2026-09-22 16:35:50","Yes","CMSC471_1188_FA2026","56.00","","","","",""
"Pham","Evelyn","p172","TE99691","2026-09-25 12:17:20","Yes","CMSC471_1445_FA2026","66.00","Needs Grading","","Needs Grading","",""
"Phan","Tim","gb22455","GB22455","2026-09-24 19:35:03","Yes","CMSC471_1445_FA2026","56.00","","","Needs Grading","",""
"Poudyal","Kyle","lg18698","LG18698","2026-09-23 23:53:16","Yes","CMSC471_7591_FA2026","70.00","Needs Grading","","Needs Grading","",""
"Rahman","Ayon","ayonr1","UJ65256","2026-09-25 10:55:17","Yes","CMSC471_7591_FA2026","62.00","Needs Grading","","","",""
"Ramkumar","Sharankumar","sharanr2","EH83614","2026-09-25 19:25:21","Yes","CMSC471_1445_FA2026","70.00","Needs Grading","","Needs Grading","",""
"Rauck","Tim","trauck1","JT27611","2026-09-23 22:23:13","Yes","CMSC471_1445_FA2026","67.00","Needs Grading","","Needs Grading","",""
"Raynor","Sean","lj65731","LJ65731","2026-09-25 16:29:01","Yes","CMSC471_7591_FA2026","66.00","Needs Grading","","Needs Grading","",""
"Reddy","Kamalakar","kreddy2","CJ88254","2026-09-25 23:21:34","Yes","CMSC471_1188_FA2026","69.00","Needs Grading","","Needs Grading","",""
"Regmi","Ayush","aregmi1","WW76538","2026-09-24 21:21:58","Yes","CMSC471_1188_FA2026","53.00","Needs Grading","","Needs Grading","",""
"Richard","Nia","nrichar5","DK38653","2026-09-26 10:35:32","Yes","CMSC471_1188_FA2026","68.00","Needs Grading","","Needs Grading","",""
"Rubiano","Nathan","yv96651","YV96651","2026-09-25 17:44:01","Yes","CMSC471_1445_FA2026","63.00","Needs Grading","","Needs Grading","",""
"Rukh-Kamaa","Frederick","frukhka1","FI28618","2026-09-25 23:15:54","Yes","CMSC471_7591_FA2026","69.00","Needs Grading","","Needs Grading","",""
"Sabri","Ayoub","ayoubs1","BA35134","2026-09-25 21:11:21","Yes","CMSC471_7591_FA2026","70.00","Needs Grading","","Needs Grading","",""
"Sagalovsky","Anthony","asagalo2","QU73732","2026-09-25 15:07:59","Yes","CMSC471_1188_FA2026","69.00","Needs Grading","","Needs Grading","",""
"Sayed","Isaam","isaams1","YO87492","2026-09-24 20:26:03","Yes","CMSC471_1445_FA2026","70.00","Needs Grading","","Needs Grading","",""
"Scott","Sam","sscott8","BA23614","2026-09-24 14:07:20","Yes","CMSC471_1445_FA2026","69.00","Needs Grading","","Needs Grading","",""
"Shedwick","Samantha","s297","AY18214","2026-09-25 20:31:34","Yes","CMSC471_1188_FA2026","70.00","Needs Grading","","Needs Grading","",""
"Shin","Yaena","yshin5","VG85813","2026-09-25 17:54:01","Yes","CMSC471_1188_FA2026","70.00","","","Needs Grading","",""
"Smith","Kendall","ksmith25","BS98656","2026-09-25 18:06:21","Yes","CMSC471_1445_FA2026","70.00","Needs Grading","","Needs Grading","",""
"So","Matthew","mso2","XY50411","2026-09-25 20:41:01","Yes","CMSC471_1445_FA2026","70.00","Needs Grading","","Needs Grading","",""
"Solaiman_PreviewUser","KMA","ksolaima_previewuser",,"2026-09-02 14:27:59","Yes","","","","","","",""
"Song","Jason","jason20","FB79801","2026-09-26 00:08:34","Yes","CMSC471_7591_FA2026","70.00","Needs Grading","","Needs Grading","","Needs Grading"
"Stabile","William","wstabil1","AE93058","2026-09-25 10:16:07","Yes","CMSC471_1188_FA2026","70.00","Needs Grading","","Needs Grading","",""
"Subba","Akash","uq29698","UQ29698","2026-09-26 09:32:01","Yes","CMSC471_7591_FA2026","70.00","Needs Grading","","Needs Grading","",""
"Tahsin","Marzia","marziat1","FV55899","2026-09-23 20:15:38","Yes","CMSC471_1188_FA2026","70.00","Needs Grading","","Needs Grading","",""
"Tchamdja","Aureliane","mtchamd1","FB62491","2026-09-25 19:28:01","Yes","CMSC471_1188_FA2026","0.00","","","","",""
"Thai","Thomas","thomast1","SP54658","2026-09-23 22:06:01","Yes","CMSC471_7591_FA2026","70.00","","","","",""
"Thakur","Suhaani","sthakur3","YL64377","2026-09-25 11:10:07","Yes","CMSC471_1445_FA2026","70.00","Needs Grading","","Needs Grading","",""
"Tien","Nathan","ntien1","JZ50859","2026-09-23 15:18:03","Yes","CMSC471_1445_FA2026","70.00","Needs Grading","","Needs Grading","",""
"Tran","Danny","ua51371","UA51371","2026-09-25 21:52:01","Yes","CMSC471_7591_FA2026","70.00","","","Needs Grading","",""
"Tran","Sarah","stran5","AB27572","2026-09-26 02:34:01","Yes","CMSC471_7591_FA2026","70.00","Needs Grading","","Needs Grading","",""
"Tsanko","Daniel","dtsanko1","BP10298","2026-09-23 18:02:49","Yes","CMSC471_7591_FA2026","70.00","Needs Grading","","Needs Grading","",""
"Tyagi","Tejas","tejast1","EM26498","2026-09-24 22:43:49","Yes","CMSC471_1445_FA2026","70.00","Needs Grading","","Needs Grading","",""
"Vaidhyanathan","Srikanth","srikanv1","GL43216","2026-09-25 18:41:34","Yes","CMSC471_7591_FA2026","70.00","Needs Grading","","","",""
"Valderrama","Milan","milanv1","YA88972","2026-09-23 23:16:01","Yes","CMSC471_1445_FA2026","70.00","","","Needs Grading","",""
"Vierbuchen","Tyler","tylerv2","ZN66296","2026-09-25 19:44:01","Yes","CMSC471_1188_FA2026","67.00","Needs Grading","","Needs Grading","",""
"Virgin","Joshua","ao16616","AO16616","2026-09-23 20:29:00","Yes","CMSC471_7591_FA2026","70.00","","","Needs Grading","",""
"Vu","Tai","tvu9","ZJ25779","2026-09-24 16:15:55","Yes","CMSC471_7591_FA2026","70.00","Needs Grading","","Needs Grading","",""
"Wilkins","Christian","cwilkin2","VA96371","2026-09-26 10:41:21","Yes","CMSC471_1445_FA2026","70.00","Needs Grading","","Needs Grading","",""
"Winkler","Jack","jwinkle1","VB05573","2026-09-24 17:18:50","Yes","CMSC471_1188_FA2026","70.00","","","","",""
"Zaghab Olivier","Abdala","azaghab2","WZ09614","2026-09-23 21:54:13","Yes","CMSC471_1188_FA2026","70.00","","","Needs Grading","",""
"Zhang","Phoebe","phoebez1","RT65338","2026-09-25 13:53:20","Yes","CMSC471_7591_FA2026","70.00","Needs Grading","","Needs Grading","",""
"Zhao","Stephen","szhao3","XS37298","2026-09-24 16:07:35","Yes","CMSC471_1445_FA2026","70.00","Needs Grading","","Needs Grading","",""
"Zhong","Matthew","z72","FI99536","2026-09-25 20:51:34","Yes","CMSC471_7591_FA2026","70.00","Needs Grading","","Needs Grading","","Needs Grading"
